year,state,category,heat_wave_deaths,source
2018,Andhra Pradesh,State,97,"Government of India, Ministry of Home Affairs / National Disaster Management Division -- Rajya Sabha, Session 266, Answer to Unstarred Question No. 359 part (i), ""Deaths due to heat wave"" (state/UT-wise, 2018-2022), tabled in Parliament. As shared by the HeatSentinal team (RS_Session_266_AU_359_A_i.csv)."
2019,Andhra Pradesh,State,128,"Government of India, Ministry of Home Affairs / National Disaster Management Division -- Rajya Sabha, Session 266, Answer to Unstarred Question No. 359 part (i), ""Deaths due to heat wave"" (state/UT-wise, 2018-2022), tabled in Parliament. As shared by the HeatSentinal team (RS_Session_266_AU_359_A_i.csv)."
2020,Andhra Pradesh,State,50,"Government of India, Ministry of Home Affairs / National Disaster Management Division -- Rajya Sabha, Session 266, Answer to Unstarred Question No. 359 part (i), ""Deaths due to heat wave"" (state/UT-wise, 2018-2022), tabled in Parliament. As shared by the HeatSentinal team (RS_Session_266_AU_359_A_i.csv)."
2021,Andhra Pradesh,State,22,"Government of India, Ministry of Home Affairs / National Disaster Management Division -- Rajya Sabha, Session 266, Answer to Unstarred Question No. 359 part (i), ""Deaths due to heat wave"" (state/UT-wise, 2018-2022), tabled in Parliament. As shared by the HeatSentinal team (RS_Session_266_AU_359_A_i.csv)."
2022,Andhra Pradesh,State,47,"Government of India, Ministry of Home Affairs / National Disaster Management Division -- Rajya Sabha, Session 266, Answer to Unstarred Question No. 359 part (i), ""Deaths due to heat wave"" (state/UT-wise, 2018-2022), tabled in Parliament. As shared by the HeatSentinal team (RS_Session_266_AU_359_A_i.csv)."
2018,Arunachal Pradesh,State,0,"Government of India, Ministry of Home Affairs / National Disaster Management Division -- Rajya Sabha, Session 266, Answer to Unstarred Question No. 359 part (i), ""Deaths due to heat wave"" (state/UT-wise, 2018-2022), tabled in Parliament. As shared by the HeatSentinal team (RS_Session_266_AU_359_A_i.csv)."
2019,Arunachal Pradesh,State,0,"Government of India, Ministry of Home Affairs / National Disaster Management Division -- Rajya Sabha, Session 266, Answer to Unstarred Question No. 359 part (i), ""Deaths due to heat wave"" (state/UT-wise, 2018-2022), tabled in Parliament. As shared by the HeatSentinal team (RS_Session_266_AU_359_A_i.csv)."
2020,Arunachal Pradesh,State,0,"Government of India, Ministry of Home Affairs / National Disaster Management Division -- Rajya Sabha, Session 266, Answer to Unstarred Question No. 359 part (i), ""Deaths due to heat wave"" (state/UT-wise, 2018-2022), tabled in Parliament. As shared by the HeatSentinal team (RS_Session_266_AU_359_A_i.csv)."
2021,Arunachal Pradesh,State,0,"Government of India, Ministry of Home Affairs / National Disaster Management Division -- Rajya Sabha, Session 266, Answer to Unstarred Question No. 359 part (i), ""Deaths due to heat wave"" (state/UT-wise, 2018-2022), tabled in Parliament. As shared by the HeatSentinal team (RS_Session_266_AU_359_A_i.csv)."
2022,Arunachal Pradesh,State,0,"Government of India, Ministry of Home Affairs / National Disaster Management Division -- Rajya Sabha, Session 266, Answer to Unstarred Question No. 359 part (i), ""Deaths due to heat wave"" (state/UT-wise, 2018-2022), tabled in Parliament. As shared by the HeatSentinal team (RS_Session_266_AU_359_A_i.csv)."
2018,Assam,State,0,"Government of India, Ministry of Home Affairs / National Disaster Management Division -- Rajya Sabha, Session 266, Answer to Unstarred Question No. 359 part (i), ""Deaths due to heat wave"" (state/UT-wise, 2018-2022), tabled in Parliament. As shared by the HeatSentinal team (RS_Session_266_AU_359_A_i.csv)."
2019,Assam,State,3,"Government of India, Ministry of Home Affairs / National Disaster Management Division -- Rajya Sabha, Session 266, Answer to Unstarred Question No. 359 part (i), ""Deaths due to heat wave"" (state/UT-wise, 2018-2022), tabled in Parliament. As shared by the HeatSentinal team (RS_Session_266_AU_359_A_i.csv)."
2020,Assam,State,0,"Government of India, Ministry of Home Affairs / National Disaster Management Division -- Rajya Sabha, Session 266, Answer to Unstarred Question No. 359 part (i), ""Deaths due to heat wave"" (state/UT-wise, 2018-2022), tabled in Parliament. As shared by the HeatSentinal team (RS_Session_266_AU_359_A_i.csv)."
2021,Assam,State,0,"Government of India, Ministry of Home Affairs / National Disaster Management Division -- Rajya Sabha, Session 266, Answer to Unstarred Question No. 359 part (i), ""Deaths due to heat wave"" (state/UT-wise, 2018-2022), tabled in Parliament. As shared by the HeatSentinal team (RS_Session_266_AU_359_A_i.csv)."
2022,Assam,State,1,"Government of India, Ministry of Home Affairs / National Disaster Management Division -- Rajya Sabha, Session 266, Answer to Unstarred Question No. 359 part (i), ""Deaths due to heat wave"" (state/UT-wise, 2018-2022), tabled in Parliament. As shared by the HeatSentinal team (RS_Session_266_AU_359_A_i.csv)."
2018,Bihar,State,64,"Government of India, Ministry of Home Affairs / National Disaster Management Division -- Rajya Sabha, Session 266, Answer to Unstarred Question No. 359 part (i), ""Deaths due to heat wave"" (state/UT-wise, 2018-2022), tabled in Parliament. As shared by the HeatSentinal team (RS_Session_266_AU_359_A_i.csv)."
2019,Bihar,State,215,"Government of India, Ministry of Home Affairs / National Disaster Management Division -- Rajya Sabha, Session 266, Answer to Unstarred Question No. 359 part (i), ""Deaths due to heat wave"" (state/UT-wise, 2018-2022), tabled in Parliament. As shared by the HeatSentinal team (RS_Session_266_AU_359_A_i.csv)."
2020,Bihar,State,53,"Government of India, Ministry of Home Affairs / National Disaster Management Division -- Rajya Sabha, Session 266, Answer to Unstarred Question No. 359 part (i), ""Deaths due to heat wave"" (state/UT-wise, 2018-2022), tabled in Parliament. As shared by the HeatSentinal team (RS_Session_266_AU_359_A_i.csv)."
2021,Bihar,State,57,"Government of India, Ministry of Home Affairs / National Disaster Management Division -- Rajya Sabha, Session 266, Answer to Unstarred Question No. 359 part (i), ""Deaths due to heat wave"" (state/UT-wise, 2018-2022), tabled in Parliament. As shared by the HeatSentinal team (RS_Session_266_AU_359_A_i.csv)."
2022,Bihar,State,78,"Government of India, Ministry of Home Affairs / National Disaster Management Division -- Rajya Sabha, Session 266, Answer to Unstarred Question No. 359 part (i), ""Deaths due to heat wave"" (state/UT-wise, 2018-2022), tabled in Parliament. As shared by the HeatSentinal team (RS_Session_266_AU_359_A_i.csv)."
2018,Chhattisgarh,State,1,"Government of India, Ministry of Home Affairs / National Disaster Management Division -- Rajya Sabha, Session 266, Answer to Unstarred Question No. 359 part (i), ""Deaths due to heat wave"" (state/UT-wise, 2018-2022), tabled in Parliament. As shared by the HeatSentinal team (RS_Session_266_AU_359_A_i.csv)."
2019,Chhattisgarh,State,16,"Government of India, Ministry of Home Affairs / National Disaster Management Division -- Rajya Sabha, Session 266, Answer to Unstarred Question No. 359 part (i), ""Deaths due to heat wave"" (state/UT-wise, 2018-2022), tabled in Parliament. As shared by the HeatSentinal team (RS_Session_266_AU_359_A_i.csv)."
2020,Chhattisgarh,State,3,"Government of India, Ministry of Home Affairs / National Disaster Management Division -- Rajya Sabha, Session 266, Answer to Unstarred Question No. 359 part (i), ""Deaths due to heat wave"" (state/UT-wise, 2018-2022), tabled in Parliament. As shared by the HeatSentinal team (RS_Session_266_AU_359_A_i.csv)."
2021,Chhattisgarh,State,2,"Government of India, Ministry of Home Affairs / National Disaster Management Division -- Rajya Sabha, Session 266, Answer to Unstarred Question No. 359 part (i), ""Deaths due to heat wave"" (state/UT-wise, 2018-2022), tabled in Parliament. As shared by the HeatSentinal team (RS_Session_266_AU_359_A_i.csv)."
2022,Chhattisgarh,State,11,"Government of India, Ministry of Home Affairs / National Disaster Management Division -- Rajya Sabha, Session 266, Answer to Unstarred Question No. 359 part (i), ""Deaths due to heat wave"" (state/UT-wise, 2018-2022), tabled in Parliament. As shared by the HeatSentinal team (RS_Session_266_AU_359_A_i.csv)."
2018,Goa,State,0,"Government of India, Ministry of Home Affairs / National Disaster Management Division -- Rajya Sabha, Session 266, Answer to Unstarred Question No. 359 part (i), ""Deaths due to heat wave"" (state/UT-wise, 2018-2022), tabled in Parliament. As shared by the HeatSentinal team (RS_Session_266_AU_359_A_i.csv)."
2019,Goa,State,0,"Government of India, Ministry of Home Affairs / National Disaster Management Division -- Rajya Sabha, Session 266, Answer to Unstarred Question No. 359 part (i), ""Deaths due to heat wave"" (state/UT-wise, 2018-2022), tabled in Parliament. As shared by the HeatSentinal team (RS_Session_266_AU_359_A_i.csv)."
2020,Goa,State,0,"Government of India, Ministry of Home Affairs / National Disaster Management Division -- Rajya Sabha, Session 266, Answer to Unstarred Question No. 359 part (i), ""Deaths due to heat wave"" (state/UT-wise, 2018-2022), tabled in Parliament. As shared by the HeatSentinal team (RS_Session_266_AU_359_A_i.csv)."
2021,Goa,State,0,"Government of India, Ministry of Home Affairs / National Disaster Management Division -- Rajya Sabha, Session 266, Answer to Unstarred Question No. 359 part (i), ""Deaths due to heat wave"" (state/UT-wise, 2018-2022), tabled in Parliament. As shared by the HeatSentinal team (RS_Session_266_AU_359_A_i.csv)."
2022,Goa,State,0,"Government of India, Ministry of Home Affairs / National Disaster Management Division -- Rajya Sabha, Session 266, Answer to Unstarred Question No. 359 part (i), ""Deaths due to heat wave"" (state/UT-wise, 2018-2022), tabled in Parliament. As shared by the HeatSentinal team (RS_Session_266_AU_359_A_i.csv)."
2018,Gujarat,State,31,"Government of India, Ministry of Home Affairs / National Disaster Management Division -- Rajya Sabha, Session 266, Answer to Unstarred Question No. 359 part (i), ""Deaths due to heat wave"" (state/UT-wise, 2018-2022), tabled in Parliament. As shared by the HeatSentinal team (RS_Session_266_AU_359_A_i.csv)."
2019,Gujarat,State,27,"Government of India, Ministry of Home Affairs / National Disaster Management Division -- Rajya Sabha, Session 266, Answer to Unstarred Question No. 359 part (i), ""Deaths due to heat wave"" (state/UT-wise, 2018-2022), tabled in Parliament. As shared by the HeatSentinal team (RS_Session_266_AU_359_A_i.csv)."
2020,Gujarat,State,12,"Government of India, Ministry of Home Affairs / National Disaster Management Division -- Rajya Sabha, Session 266, Answer to Unstarred Question No. 359 part (i), ""Deaths due to heat wave"" (state/UT-wise, 2018-2022), tabled in Parliament. As shared by the HeatSentinal team (RS_Session_266_AU_359_A_i.csv)."
2021,Gujarat,State,8,"Government of India, Ministry of Home Affairs / National Disaster Management Division -- Rajya Sabha, Session 266, Answer to Unstarred Question No. 359 part (i), ""Deaths due to heat wave"" (state/UT-wise, 2018-2022), tabled in Parliament. As shared by the HeatSentinal team (RS_Session_266_AU_359_A_i.csv)."
2022,Gujarat,State,5,"Government of India, Ministry of Home Affairs / National Disaster Management Division -- Rajya Sabha, Session 266, Answer to Unstarred Question No. 359 part (i), ""Deaths due to heat wave"" (state/UT-wise, 2018-2022), tabled in Parliament. As shared by the HeatSentinal team (RS_Session_266_AU_359_A_i.csv)."
2018,Haryana,State,56,"Government of India, Ministry of Home Affairs / National Disaster Management Division -- Rajya Sabha, Session 266, Answer to Unstarred Question No. 359 part (i), ""Deaths due to heat wave"" (state/UT-wise, 2018-2022), tabled in Parliament. As shared by the HeatSentinal team (RS_Session_266_AU_359_A_i.csv)."
2019,Haryana,State,46,"Government of India, Ministry of Home Affairs / National Disaster Management Division -- Rajya Sabha, Session 266, Answer to Unstarred Question No. 359 part (i), ""Deaths due to heat wave"" (state/UT-wise, 2018-2022), tabled in Parliament. As shared by the HeatSentinal team (RS_Session_266_AU_359_A_i.csv)."
2020,Haryana,State,23,"Government of India, Ministry of Home Affairs / National Disaster Management Division -- Rajya Sabha, Session 266, Answer to Unstarred Question No. 359 part (i), ""Deaths due to heat wave"" (state/UT-wise, 2018-2022), tabled in Parliament. As shared by the HeatSentinal team (RS_Session_266_AU_359_A_i.csv)."
2021,Haryana,State,14,"Government of India, Ministry of Home Affairs / National Disaster Management Division -- Rajya Sabha, Session 266, Answer to Unstarred Question No. 359 part (i), ""Deaths due to heat wave"" (state/UT-wise, 2018-2022), tabled in Parliament. As shared by the HeatSentinal team (RS_Session_266_AU_359_A_i.csv)."
2022,Haryana,State,27,"Government of India, Ministry of Home Affairs / National Disaster Management Division -- Rajya Sabha, Session 266, Answer to Unstarred Question No. 359 part (i), ""Deaths due to heat wave"" (state/UT-wise, 2018-2022), tabled in Parliament. As shared by the HeatSentinal team (RS_Session_266_AU_359_A_i.csv)."
2018,Himachal Pradesh,State,0,"Government of India, Ministry of Home Affairs / National Disaster Management Division -- Rajya Sabha, Session 266, Answer to Unstarred Question No. 359 part (i), ""Deaths due to heat wave"" (state/UT-wise, 2018-2022), tabled in Parliament. As shared by the HeatSentinal team (RS_Session_266_AU_359_A_i.csv)."
2019,Himachal Pradesh,State,0,"Government of India, Ministry of Home Affairs / National Disaster Management Division -- Rajya Sabha, Session 266, Answer to Unstarred Question No. 359 part (i), ""Deaths due to heat wave"" (state/UT-wise, 2018-2022), tabled in Parliament. As shared by the HeatSentinal team (RS_Session_266_AU_359_A_i.csv)."
2020,Himachal Pradesh,State,0,"Government of India, Ministry of Home Affairs / National Disaster Management Division -- Rajya Sabha, Session 266, Answer to Unstarred Question No. 359 part (i), ""Deaths due to heat wave"" (state/UT-wise, 2018-2022), tabled in Parliament. As shared by the HeatSentinal team (RS_Session_266_AU_359_A_i.csv)."
2021,Himachal Pradesh,State,1,"Government of India, Ministry of Home Affairs / National Disaster Management Division -- Rajya Sabha, Session 266, Answer to Unstarred Question No. 359 part (i), ""Deaths due to heat wave"" (state/UT-wise, 2018-2022), tabled in Parliament. As shared by the HeatSentinal team (RS_Session_266_AU_359_A_i.csv)."
2022,Himachal Pradesh,State,0,"Government of India, Ministry of Home Affairs / National Disaster Management Division -- Rajya Sabha, Session 266, Answer to Unstarred Question No. 359 part (i), ""Deaths due to heat wave"" (state/UT-wise, 2018-2022), tabled in Parliament. As shared by the HeatSentinal team (RS_Session_266_AU_359_A_i.csv)."
2018,Jharkhand,State,42,"Government of India, Ministry of Home Affairs / National Disaster Management Division -- Rajya Sabha, Session 266, Answer to Unstarred Question No. 359 part (i), ""Deaths due to heat wave"" (state/UT-wise, 2018-2022), tabled in Parliament. As shared by the HeatSentinal team (RS_Session_266_AU_359_A_i.csv)."
2019,Jharkhand,State,88,"Government of India, Ministry of Home Affairs / National Disaster Management Division -- Rajya Sabha, Session 266, Answer to Unstarred Question No. 359 part (i), ""Deaths due to heat wave"" (state/UT-wise, 2018-2022), tabled in Parliament. As shared by the HeatSentinal team (RS_Session_266_AU_359_A_i.csv)."
2020,Jharkhand,State,23,"Government of India, Ministry of Home Affairs / National Disaster Management Division -- Rajya Sabha, Session 266, Answer to Unstarred Question No. 359 part (i), ""Deaths due to heat wave"" (state/UT-wise, 2018-2022), tabled in Parliament. As shared by the HeatSentinal team (RS_Session_266_AU_359_A_i.csv)."
2021,Jharkhand,State,33,"Government of India, Ministry of Home Affairs / National Disaster Management Division -- Rajya Sabha, Session 266, Answer to Unstarred Question No. 359 part (i), ""Deaths due to heat wave"" (state/UT-wise, 2018-2022), tabled in Parliament. As shared by the HeatSentinal team (RS_Session_266_AU_359_A_i.csv)."
2022,Jharkhand,State,47,"Government of India, Ministry of Home Affairs / National Disaster Management Division -- Rajya Sabha, Session 266, Answer to Unstarred Question No. 359 part (i), ""Deaths due to heat wave"" (state/UT-wise, 2018-2022), tabled in Parliament. As shared by the HeatSentinal team (RS_Session_266_AU_359_A_i.csv)."
2018,Karnataka,State,0,"Government of India, Ministry of Home Affairs / National Disaster Management Division -- Rajya Sabha, Session 266, Answer to Unstarred Question No. 359 part (i), ""Deaths due to heat wave"" (state/UT-wise, 2018-2022), tabled in Parliament. As shared by the HeatSentinal team (RS_Session_266_AU_359_A_i.csv)."
2019,Karnataka,State,4,"Government of India, Ministry of Home Affairs / National Disaster Management Division -- Rajya Sabha, Session 266, Answer to Unstarred Question No. 359 part (i), ""Deaths due to heat wave"" (state/UT-wise, 2018-2022), tabled in Parliament. As shared by the HeatSentinal team (RS_Session_266_AU_359_A_i.csv)."
2020,Karnataka,State,1,"Government of India, Ministry of Home Affairs / National Disaster Management Division -- Rajya Sabha, Session 266, Answer to Unstarred Question No. 359 part (i), ""Deaths due to heat wave"" (state/UT-wise, 2018-2022), tabled in Parliament. As shared by the HeatSentinal team (RS_Session_266_AU_359_A_i.csv)."
2021,Karnataka,State,0,"Government of India, Ministry of Home Affairs / National Disaster Management Division -- Rajya Sabha, Session 266, Answer to Unstarred Question No. 359 part (i), ""Deaths due to heat wave"" (state/UT-wise, 2018-2022), tabled in Parliament. As shared by the HeatSentinal team (RS_Session_266_AU_359_A_i.csv)."
2022,Karnataka,State,2,"Government of India, Ministry of Home Affairs / National Disaster Management Division -- Rajya Sabha, Session 266, Answer to Unstarred Question No. 359 part (i), ""Deaths due to heat wave"" (state/UT-wise, 2018-2022), tabled in Parliament. As shared by the HeatSentinal team (RS_Session_266_AU_359_A_i.csv)."
2018,Kerala,State,1,"Government of India, Ministry of Home Affairs / National Disaster Management Division -- Rajya Sabha, Session 266, Answer to Unstarred Question No. 359 part (i), ""Deaths due to heat wave"" (state/UT-wise, 2018-2022), tabled in Parliament. As shared by the HeatSentinal team (RS_Session_266_AU_359_A_i.csv)."
2019,Kerala,State,3,"Government of India, Ministry of Home Affairs / National Disaster Management Division -- Rajya Sabha, Session 266, Answer to Unstarred Question No. 359 part (i), ""Deaths due to heat wave"" (state/UT-wise, 2018-2022), tabled in Parliament. As shared by the HeatSentinal team (RS_Session_266_AU_359_A_i.csv)."
2020,Kerala,State,0,"Government of India, Ministry of Home Affairs / National Disaster Management Division -- Rajya Sabha, Session 266, Answer to Unstarred Question No. 359 part (i), ""Deaths due to heat wave"" (state/UT-wise, 2018-2022), tabled in Parliament. As shared by the HeatSentinal team (RS_Session_266_AU_359_A_i.csv)."
2021,Kerala,State,0,"Government of India, Ministry of Home Affairs / National Disaster Management Division -- Rajya Sabha, Session 266, Answer to Unstarred Question No. 359 part (i), ""Deaths due to heat wave"" (state/UT-wise, 2018-2022), tabled in Parliament. As shared by the HeatSentinal team (RS_Session_266_AU_359_A_i.csv)."
2022,Kerala,State,0,"Government of India, Ministry of Home Affairs / National Disaster Management Division -- Rajya Sabha, Session 266, Answer to Unstarred Question No. 359 part (i), ""Deaths due to heat wave"" (state/UT-wise, 2018-2022), tabled in Parliament. As shared by the HeatSentinal team (RS_Session_266_AU_359_A_i.csv)."
2018,Madhya Pradesh,State,15,"Government of India, Ministry of Home Affairs / National Disaster Management Division -- Rajya Sabha, Session 266, Answer to Unstarred Question No. 359 part (i), ""Deaths due to heat wave"" (state/UT-wise, 2018-2022), tabled in Parliament. As shared by the HeatSentinal team (RS_Session_266_AU_359_A_i.csv)."
2019,Madhya Pradesh,State,33,"Government of India, Ministry of Home Affairs / National Disaster Management Division -- Rajya Sabha, Session 266, Answer to Unstarred Question No. 359 part (i), ""Deaths due to heat wave"" (state/UT-wise, 2018-2022), tabled in Parliament. As shared by the HeatSentinal team (RS_Session_266_AU_359_A_i.csv)."
2020,Madhya Pradesh,State,7,"Government of India, Ministry of Home Affairs / National Disaster Management Division -- Rajya Sabha, Session 266, Answer to Unstarred Question No. 359 part (i), ""Deaths due to heat wave"" (state/UT-wise, 2018-2022), tabled in Parliament. As shared by the HeatSentinal team (RS_Session_266_AU_359_A_i.csv)."
2021,Madhya Pradesh,State,2,"Government of India, Ministry of Home Affairs / National Disaster Management Division -- Rajya Sabha, Session 266, Answer to Unstarred Question No. 359 part (i), ""Deaths due to heat wave"" (state/UT-wise, 2018-2022), tabled in Parliament. As shared by the HeatSentinal team (RS_Session_266_AU_359_A_i.csv)."
2022,Madhya Pradesh,State,27,"Government of India, Ministry of Home Affairs / National Disaster Management Division -- Rajya Sabha, Session 266, Answer to Unstarred Question No. 359 part (i), ""Deaths due to heat wave"" (state/UT-wise, 2018-2022), tabled in Parliament. As shared by the HeatSentinal team (RS_Session_266_AU_359_A_i.csv)."
2018,Maharashtra,State,128,"Government of India, Ministry of Home Affairs / National Disaster Management Division -- Rajya Sabha, Session 266, Answer to Unstarred Question No. 359 part (i), ""Deaths due to heat wave"" (state/UT-wise, 2018-2022), tabled in Parliament. As shared by the HeatSentinal team (RS_Session_266_AU_359_A_i.csv)."
2019,Maharashtra,State,159,"Government of India, Ministry of Home Affairs / National Disaster Management Division -- Rajya Sabha, Session 266, Answer to Unstarred Question No. 359 part (i), ""Deaths due to heat wave"" (state/UT-wise, 2018-2022), tabled in Parliament. As shared by the HeatSentinal team (RS_Session_266_AU_359_A_i.csv)."
2020,Maharashtra,State,56,"Government of India, Ministry of Home Affairs / National Disaster Management Division -- Rajya Sabha, Session 266, Answer to Unstarred Question No. 359 part (i), ""Deaths due to heat wave"" (state/UT-wise, 2018-2022), tabled in Parliament. As shared by the HeatSentinal team (RS_Session_266_AU_359_A_i.csv)."
2021,Maharashtra,State,37,"Government of India, Ministry of Home Affairs / National Disaster Management Division -- Rajya Sabha, Session 266, Answer to Unstarred Question No. 359 part (i), ""Deaths due to heat wave"" (state/UT-wise, 2018-2022), tabled in Parliament. As shared by the HeatSentinal team (RS_Session_266_AU_359_A_i.csv)."
2022,Maharashtra,State,90,"Government of India, Ministry of Home Affairs / National Disaster Management Division -- Rajya Sabha, Session 266, Answer to Unstarred Question No. 359 part (i), ""Deaths due to heat wave"" (state/UT-wise, 2018-2022), tabled in Parliament. As shared by the HeatSentinal team (RS_Session_266_AU_359_A_i.csv)."
2018,Manipur,State,0,"Government of India, Ministry of Home Affairs / National Disaster Management Division -- Rajya Sabha, Session 266, Answer to Unstarred Question No. 359 part (i), ""Deaths due to heat wave"" (state/UT-wise, 2018-2022), tabled in Parliament. As shared by the HeatSentinal team (RS_Session_266_AU_359_A_i.csv)."
2019,Manipur,State,0,"Government of India, Ministry of Home Affairs / National Disaster Management Division -- Rajya Sabha, Session 266, Answer to Unstarred Question No. 359 part (i), ""Deaths due to heat wave"" (state/UT-wise, 2018-2022), tabled in Parliament. As shared by the HeatSentinal team (RS_Session_266_AU_359_A_i.csv)."
2020,Manipur,State,0,"Government of India, Ministry of Home Affairs / National Disaster Management Division -- Rajya Sabha, Session 266, Answer to Unstarred Question No. 359 part (i), ""Deaths due to heat wave"" (state/UT-wise, 2018-2022), tabled in Parliament. As shared by the HeatSentinal team (RS_Session_266_AU_359_A_i.csv)."
2021,Manipur,State,0,"Government of India, Ministry of Home Affairs / National Disaster Management Division -- Rajya Sabha, Session 266, Answer to Unstarred Question No. 359 part (i), ""Deaths due to heat wave"" (state/UT-wise, 2018-2022), tabled in Parliament. As shared by the HeatSentinal team (RS_Session_266_AU_359_A_i.csv)."
2022,Manipur,State,0,"Government of India, Ministry of Home Affairs / National Disaster Management Division -- Rajya Sabha, Session 266, Answer to Unstarred Question No. 359 part (i), ""Deaths due to heat wave"" (state/UT-wise, 2018-2022), tabled in Parliament. As shared by the HeatSentinal team (RS_Session_266_AU_359_A_i.csv)."
2018,Meghalaya,State,4,"Government of India, Ministry of Home Affairs / National Disaster Management Division -- Rajya Sabha, Session 266, Answer to Unstarred Question No. 359 part (i), ""Deaths due to heat wave"" (state/UT-wise, 2018-2022), tabled in Parliament. As shared by the HeatSentinal team (RS_Session_266_AU_359_A_i.csv)."
2019,Meghalaya,State,0,"Government of India, Ministry of Home Affairs / National Disaster Management Division -- Rajya Sabha, Session 266, Answer to Unstarred Question No. 359 part (i), ""Deaths due to heat wave"" (state/UT-wise, 2018-2022), tabled in Parliament. As shared by the HeatSentinal team (RS_Session_266_AU_359_A_i.csv)."
2020,Meghalaya,State,0,"Government of India, Ministry of Home Affairs / National Disaster Management Division -- Rajya Sabha, Session 266, Answer to Unstarred Question No. 359 part (i), ""Deaths due to heat wave"" (state/UT-wise, 2018-2022), tabled in Parliament. As shared by the HeatSentinal team (RS_Session_266_AU_359_A_i.csv)."
2021,Meghalaya,State,0,"Government of India, Ministry of Home Affairs / National Disaster Management Division -- Rajya Sabha, Session 266, Answer to Unstarred Question No. 359 part (i), ""Deaths due to heat wave"" (state/UT-wise, 2018-2022), tabled in Parliament. As shared by the HeatSentinal team (RS_Session_266_AU_359_A_i.csv)."
2022,Meghalaya,State,0,"Government of India, Ministry of Home Affairs / National Disaster Management Division -- Rajya Sabha, Session 266, Answer to Unstarred Question No. 359 part (i), ""Deaths due to heat wave"" (state/UT-wise, 2018-2022), tabled in Parliament. As shared by the HeatSentinal team (RS_Session_266_AU_359_A_i.csv)."
2018,Mizoram,State,0,"Government of India, Ministry of Home Affairs / National Disaster Management Division -- Rajya Sabha, Session 266, Answer to Unstarred Question No. 359 part (i), ""Deaths due to heat wave"" (state/UT-wise, 2018-2022), tabled in Parliament. As shared by the HeatSentinal team (RS_Session_266_AU_359_A_i.csv)."
2019,Mizoram,State,0,"Government of India, Ministry of Home Affairs / National Disaster Management Division -- Rajya Sabha, Session 266, Answer to Unstarred Question No. 359 part (i), ""Deaths due to heat wave"" (state/UT-wise, 2018-2022), tabled in Parliament. As shared by the HeatSentinal team (RS_Session_266_AU_359_A_i.csv)."
2020,Mizoram,State,0,"Government of India, Ministry of Home Affairs / National Disaster Management Division -- Rajya Sabha, Session 266, Answer to Unstarred Question No. 359 part (i), ""Deaths due to heat wave"" (state/UT-wise, 2018-2022), tabled in Parliament. As shared by the HeatSentinal team (RS_Session_266_AU_359_A_i.csv)."
2021,Mizoram,State,0,"Government of India, Ministry of Home Affairs / National Disaster Management Division -- Rajya Sabha, Session 266, Answer to Unstarred Question No. 359 part (i), ""Deaths due to heat wave"" (state/UT-wise, 2018-2022), tabled in Parliament. As shared by the HeatSentinal team (RS_Session_266_AU_359_A_i.csv)."
2022,Mizoram,State,0,"Government of India, Ministry of Home Affairs / National Disaster Management Division -- Rajya Sabha, Session 266, Answer to Unstarred Question No. 359 part (i), ""Deaths due to heat wave"" (state/UT-wise, 2018-2022), tabled in Parliament. As shared by the HeatSentinal team (RS_Session_266_AU_359_A_i.csv)."
2018,Nagaland,State,0,"Government of India, Ministry of Home Affairs / National Disaster Management Division -- Rajya Sabha, Session 266, Answer to Unstarred Question No. 359 part (i), ""Deaths due to heat wave"" (state/UT-wise, 2018-2022), tabled in Parliament. As shared by the HeatSentinal team (RS_Session_266_AU_359_A_i.csv)."
2019,Nagaland,State,0,"Government of India, Ministry of Home Affairs / National Disaster Management Division -- Rajya Sabha, Session 266, Answer to Unstarred Question No. 359 part (i), ""Deaths due to heat wave"" (state/UT-wise, 2018-2022), tabled in Parliament. As shared by the HeatSentinal team (RS_Session_266_AU_359_A_i.csv)."
2020,Nagaland,State,0,"Government of India, Ministry of Home Affairs / National Disaster Management Division -- Rajya Sabha, Session 266, Answer to Unstarred Question No. 359 part (i), ""Deaths due to heat wave"" (state/UT-wise, 2018-2022), tabled in Parliament. As shared by the HeatSentinal team (RS_Session_266_AU_359_A_i.csv)."
2021,Nagaland,State,0,"Government of India, Ministry of Home Affairs / National Disaster Management Division -- Rajya Sabha, Session 266, Answer to Unstarred Question No. 359 part (i), ""Deaths due to heat wave"" (state/UT-wise, 2018-2022), tabled in Parliament. As shared by the HeatSentinal team (RS_Session_266_AU_359_A_i.csv)."
2022,Nagaland,State,0,"Government of India, Ministry of Home Affairs / National Disaster Management Division -- Rajya Sabha, Session 266, Answer to Unstarred Question No. 359 part (i), ""Deaths due to heat wave"" (state/UT-wise, 2018-2022), tabled in Parliament. As shared by the HeatSentinal team (RS_Session_266_AU_359_A_i.csv)."
2018,Odisha,State,40,"Government of India, Ministry of Home Affairs / National Disaster Management Division -- Rajya Sabha, Session 266, Answer to Unstarred Question No. 359 part (i), ""Deaths due to heat wave"" (state/UT-wise, 2018-2022), tabled in Parliament. As shared by the HeatSentinal team (RS_Session_266_AU_359_A_i.csv)."
2019,Odisha,State,84,"Government of India, Ministry of Home Affairs / National Disaster Management Division -- Rajya Sabha, Session 266, Answer to Unstarred Question No. 359 part (i), ""Deaths due to heat wave"" (state/UT-wise, 2018-2022), tabled in Parliament. As shared by the HeatSentinal team (RS_Session_266_AU_359_A_i.csv)."
2020,Odisha,State,13,"Government of India, Ministry of Home Affairs / National Disaster Management Division -- Rajya Sabha, Session 266, Answer to Unstarred Question No. 359 part (i), ""Deaths due to heat wave"" (state/UT-wise, 2018-2022), tabled in Parliament. As shared by the HeatSentinal team (RS_Session_266_AU_359_A_i.csv)."
2021,Odisha,State,15,"Government of India, Ministry of Home Affairs / National Disaster Management Division -- Rajya Sabha, Session 266, Answer to Unstarred Question No. 359 part (i), ""Deaths due to heat wave"" (state/UT-wise, 2018-2022), tabled in Parliament. As shared by the HeatSentinal team (RS_Session_266_AU_359_A_i.csv)."
2022,Odisha,State,38,"Government of India, Ministry of Home Affairs / National Disaster Management Division -- Rajya Sabha, Session 266, Answer to Unstarred Question No. 359 part (i), ""Deaths due to heat wave"" (state/UT-wise, 2018-2022), tabled in Parliament. As shared by the HeatSentinal team (RS_Session_266_AU_359_A_i.csv)."
2018,Punjab,State,38,"Government of India, Ministry of Home Affairs / National Disaster Management Division -- Rajya Sabha, Session 266, Answer to Unstarred Question No. 359 part (i), ""Deaths due to heat wave"" (state/UT-wise, 2018-2022), tabled in Parliament. As shared by the HeatSentinal team (RS_Session_266_AU_359_A_i.csv)."
2019,Punjab,State,90,"Government of India, Ministry of Home Affairs / National Disaster Management Division -- Rajya Sabha, Session 266, Answer to Unstarred Question No. 359 part (i), ""Deaths due to heat wave"" (state/UT-wise, 2018-2022), tabled in Parliament. As shared by the HeatSentinal team (RS_Session_266_AU_359_A_i.csv)."
2020,Punjab,State,110,"Government of India, Ministry of Home Affairs / National Disaster Management Division -- Rajya Sabha, Session 266, Answer to Unstarred Question No. 359 part (i), ""Deaths due to heat wave"" (state/UT-wise, 2018-2022), tabled in Parliament. As shared by the HeatSentinal team (RS_Session_266_AU_359_A_i.csv)."
2021,Punjab,State,91,"Government of India, Ministry of Home Affairs / National Disaster Management Division -- Rajya Sabha, Session 266, Answer to Unstarred Question No. 359 part (i), ""Deaths due to heat wave"" (state/UT-wise, 2018-2022), tabled in Parliament. As shared by the HeatSentinal team (RS_Session_266_AU_359_A_i.csv)."
2022,Punjab,State,130,"Government of India, Ministry of Home Affairs / National Disaster Management Division -- Rajya Sabha, Session 266, Answer to Unstarred Question No. 359 part (i), ""Deaths due to heat wave"" (state/UT-wise, 2018-2022), tabled in Parliament. As shared by the HeatSentinal team (RS_Session_266_AU_359_A_i.csv)."
2018,Rajasthan,State,43,"Government of India, Ministry of Home Affairs / National Disaster Management Division -- Rajya Sabha, Session 266, Answer to Unstarred Question No. 359 part (i), ""Deaths due to heat wave"" (state/UT-wise, 2018-2022), tabled in Parliament. As shared by the HeatSentinal team (RS_Session_266_AU_359_A_i.csv)."
2019,Rajasthan,State,54,"Government of India, Ministry of Home Affairs / National Disaster Management Division -- Rajya Sabha, Session 266, Answer to Unstarred Question No. 359 part (i), ""Deaths due to heat wave"" (state/UT-wise, 2018-2022), tabled in Parliament. As shared by the HeatSentinal team (RS_Session_266_AU_359_A_i.csv)."
2020,Rajasthan,State,23,"Government of India, Ministry of Home Affairs / National Disaster Management Division -- Rajya Sabha, Session 266, Answer to Unstarred Question No. 359 part (i), ""Deaths due to heat wave"" (state/UT-wise, 2018-2022), tabled in Parliament. As shared by the HeatSentinal team (RS_Session_266_AU_359_A_i.csv)."
2021,Rajasthan,State,1,"Government of India, Ministry of Home Affairs / National Disaster Management Division -- Rajya Sabha, Session 266, Answer to Unstarred Question No. 359 part (i), ""Deaths due to heat wave"" (state/UT-wise, 2018-2022), tabled in Parliament. As shared by the HeatSentinal team (RS_Session_266_AU_359_A_i.csv)."
2022,Rajasthan,State,12,"Government of India, Ministry of Home Affairs / National Disaster Management Division -- Rajya Sabha, Session 266, Answer to Unstarred Question No. 359 part (i), ""Deaths due to heat wave"" (state/UT-wise, 2018-2022), tabled in Parliament. As shared by the HeatSentinal team (RS_Session_266_AU_359_A_i.csv)."
2018,Sikkim,State,0,"Government of India, Ministry of Home Affairs / National Disaster Management Division -- Rajya Sabha, Session 266, Answer to Unstarred Question No. 359 part (i), ""Deaths due to heat wave"" (state/UT-wise, 2018-2022), tabled in Parliament. As shared by the HeatSentinal team (RS_Session_266_AU_359_A_i.csv)."
2019,Sikkim,State,1,"Government of India, Ministry of Home Affairs / National Disaster Management Division -- Rajya Sabha, Session 266, Answer to Unstarred Question No. 359 part (i), ""Deaths due to heat wave"" (state/UT-wise, 2018-2022), tabled in Parliament. As shared by the HeatSentinal team (RS_Session_266_AU_359_A_i.csv)."
2020,Sikkim,State,0,"Government of India, Ministry of Home Affairs / National Disaster Management Division -- Rajya Sabha, Session 266, Answer to Unstarred Question No. 359 part (i), ""Deaths due to heat wave"" (state/UT-wise, 2018-2022), tabled in Parliament. As shared by the HeatSentinal team (RS_Session_266_AU_359_A_i.csv)."
2021,Sikkim,State,0,"Government of India, Ministry of Home Affairs / National Disaster Management Division -- Rajya Sabha, Session 266, Answer to Unstarred Question No. 359 part (i), ""Deaths due to heat wave"" (state/UT-wise, 2018-2022), tabled in Parliament. As shared by the HeatSentinal team (RS_Session_266_AU_359_A_i.csv)."
2022,Sikkim,State,0,"Government of India, Ministry of Home Affairs / National Disaster Management Division -- Rajya Sabha, Session 266, Answer to Unstarred Question No. 359 part (i), ""Deaths due to heat wave"" (state/UT-wise, 2018-2022), tabled in Parliament. As shared by the HeatSentinal team (RS_Session_266_AU_359_A_i.csv)."
2018,Tamil Nadu,State,0,"Government of India, Ministry of Home Affairs / National Disaster Management Division -- Rajya Sabha, Session 266, Answer to Unstarred Question No. 359 part (i), ""Deaths due to heat wave"" (state/UT-wise, 2018-2022), tabled in Parliament. As shared by the HeatSentinal team (RS_Session_266_AU_359_A_i.csv)."
2019,Tamil Nadu,State,0,"Government of India, Ministry of Home Affairs / National Disaster Management Division -- Rajya Sabha, Session 266, Answer to Unstarred Question No. 359 part (i), ""Deaths due to heat wave"" (state/UT-wise, 2018-2022), tabled in Parliament. As shared by the HeatSentinal team (RS_Session_266_AU_359_A_i.csv)."
2020,Tamil Nadu,State,0,"Government of India, Ministry of Home Affairs / National Disaster Management Division -- Rajya Sabha, Session 266, Answer to Unstarred Question No. 359 part (i), ""Deaths due to heat wave"" (state/UT-wise, 2018-2022), tabled in Parliament. As shared by the HeatSentinal team (RS_Session_266_AU_359_A_i.csv)."
2021,Tamil Nadu,State,2,"Government of India, Ministry of Home Affairs / National Disaster Management Division -- Rajya Sabha, Session 266, Answer to Unstarred Question No. 359 part (i), ""Deaths due to heat wave"" (state/UT-wise, 2018-2022), tabled in Parliament. As shared by the HeatSentinal team (RS_Session_266_AU_359_A_i.csv)."
2022,Tamil Nadu,State,2,"Government of India, Ministry of Home Affairs / National Disaster Management Division -- Rajya Sabha, Session 266, Answer to Unstarred Question No. 359 part (i), ""Deaths due to heat wave"" (state/UT-wise, 2018-2022), tabled in Parliament. As shared by the HeatSentinal team (RS_Session_266_AU_359_A_i.csv)."
2018,Telangana,State,107,"Government of India, Ministry of Home Affairs / National Disaster Management Division -- Rajya Sabha, Session 266, Answer to Unstarred Question No. 359 part (i), ""Deaths due to heat wave"" (state/UT-wise, 2018-2022), tabled in Parliament. As shared by the HeatSentinal team (RS_Session_266_AU_359_A_i.csv)."
2019,Telangana,State,156,"Government of India, Ministry of Home Affairs / National Disaster Management Division -- Rajya Sabha, Session 266, Answer to Unstarred Question No. 359 part (i), ""Deaths due to heat wave"" (state/UT-wise, 2018-2022), tabled in Parliament. As shared by the HeatSentinal team (RS_Session_266_AU_359_A_i.csv)."
2020,Telangana,State,98,"Government of India, Ministry of Home Affairs / National Disaster Management Division -- Rajya Sabha, Session 266, Answer to Unstarred Question No. 359 part (i), ""Deaths due to heat wave"" (state/UT-wise, 2018-2022), tabled in Parliament. As shared by the HeatSentinal team (RS_Session_266_AU_359_A_i.csv)."
2021,Telangana,State,43,"Government of India, Ministry of Home Affairs / National Disaster Management Division -- Rajya Sabha, Session 266, Answer to Unstarred Question No. 359 part (i), ""Deaths due to heat wave"" (state/UT-wise, 2018-2022), tabled in Parliament. As shared by the HeatSentinal team (RS_Session_266_AU_359_A_i.csv)."
2022,Telangana,State,62,"Government of India, Ministry of Home Affairs / National Disaster Management Division -- Rajya Sabha, Session 266, Answer to Unstarred Question No. 359 part (i), ""Deaths due to heat wave"" (state/UT-wise, 2018-2022), tabled in Parliament. As shared by the HeatSentinal team (RS_Session_266_AU_359_A_i.csv)."
2018,Tripura,State,1,"Government of India, Ministry of Home Affairs / National Disaster Management Division -- Rajya Sabha, Session 266, Answer to Unstarred Question No. 359 part (i), ""Deaths due to heat wave"" (state/UT-wise, 2018-2022), tabled in Parliament. As shared by the HeatSentinal team (RS_Session_266_AU_359_A_i.csv)."
2019,Tripura,State,1,"Government of India, Ministry of Home Affairs / National Disaster Management Division -- Rajya Sabha, Session 266, Answer to Unstarred Question No. 359 part (i), ""Deaths due to heat wave"" (state/UT-wise, 2018-2022), tabled in Parliament. As shared by the HeatSentinal team (RS_Session_266_AU_359_A_i.csv)."
2020,Tripura,State,2,"Government of India, Ministry of Home Affairs / National Disaster Management Division -- Rajya Sabha, Session 266, Answer to Unstarred Question No. 359 part (i), ""Deaths due to heat wave"" (state/UT-wise, 2018-2022), tabled in Parliament. As shared by the HeatSentinal team (RS_Session_266_AU_359_A_i.csv)."
2021,Tripura,State,0,"Government of India, Ministry of Home Affairs / National Disaster Management Division -- Rajya Sabha, Session 266, Answer to Unstarred Question No. 359 part (i), ""Deaths due to heat wave"" (state/UT-wise, 2018-2022), tabled in Parliament. As shared by the HeatSentinal team (RS_Session_266_AU_359_A_i.csv)."
2022,Tripura,State,2,"Government of India, Ministry of Home Affairs / National Disaster Management Division -- Rajya Sabha, Session 266, Answer to Unstarred Question No. 359 part (i), ""Deaths due to heat wave"" (state/UT-wise, 2018-2022), tabled in Parliament. As shared by the HeatSentinal team (RS_Session_266_AU_359_A_i.csv)."
2018,Uttar Pradesh,State,176,"Government of India, Ministry of Home Affairs / National Disaster Management Division -- Rajya Sabha, Session 266, Answer to Unstarred Question No. 359 part (i), ""Deaths due to heat wave"" (state/UT-wise, 2018-2022), tabled in Parliament. As shared by the HeatSentinal team (RS_Session_266_AU_359_A_i.csv)."
2019,Uttar Pradesh,State,117,"Government of India, Ministry of Home Affairs / National Disaster Management Division -- Rajya Sabha, Session 266, Answer to Unstarred Question No. 359 part (i), ""Deaths due to heat wave"" (state/UT-wise, 2018-2022), tabled in Parliament. As shared by the HeatSentinal team (RS_Session_266_AU_359_A_i.csv)."
2020,Uttar Pradesh,State,50,"Government of India, Ministry of Home Affairs / National Disaster Management Division -- Rajya Sabha, Session 266, Answer to Unstarred Question No. 359 part (i), ""Deaths due to heat wave"" (state/UT-wise, 2018-2022), tabled in Parliament. As shared by the HeatSentinal team (RS_Session_266_AU_359_A_i.csv)."
2021,Uttar Pradesh,State,35,"Government of India, Ministry of Home Affairs / National Disaster Management Division -- Rajya Sabha, Session 266, Answer to Unstarred Question No. 359 part (i), ""Deaths due to heat wave"" (state/UT-wise, 2018-2022), tabled in Parliament. As shared by the HeatSentinal team (RS_Session_266_AU_359_A_i.csv)."
2022,Uttar Pradesh,State,130,"Government of India, Ministry of Home Affairs / National Disaster Management Division -- Rajya Sabha, Session 266, Answer to Unstarred Question No. 359 part (i), ""Deaths due to heat wave"" (state/UT-wise, 2018-2022), tabled in Parliament. As shared by the HeatSentinal team (RS_Session_266_AU_359_A_i.csv)."
2018,Uttarakhand,State,0,"Government of India, Ministry of Home Affairs / National Disaster Management Division -- Rajya Sabha, Session 266, Answer to Unstarred Question No. 359 part (i), ""Deaths due to heat wave"" (state/UT-wise, 2018-2022), tabled in Parliament. As shared by the HeatSentinal team (RS_Session_266_AU_359_A_i.csv)."
2019,Uttarakhand,State,0,"Government of India, Ministry of Home Affairs / National Disaster Management Division -- Rajya Sabha, Session 266, Answer to Unstarred Question No. 359 part (i), ""Deaths due to heat wave"" (state/UT-wise, 2018-2022), tabled in Parliament. As shared by the HeatSentinal team (RS_Session_266_AU_359_A_i.csv)."
2020,Uttarakhand,State,0,"Government of India, Ministry of Home Affairs / National Disaster Management Division -- Rajya Sabha, Session 266, Answer to Unstarred Question No. 359 part (i), ""Deaths due to heat wave"" (state/UT-wise, 2018-2022), tabled in Parliament. As shared by the HeatSentinal team (RS_Session_266_AU_359_A_i.csv)."
2021,Uttarakhand,State,0,"Government of India, Ministry of Home Affairs / National Disaster Management Division -- Rajya Sabha, Session 266, Answer to Unstarred Question No. 359 part (i), ""Deaths due to heat wave"" (state/UT-wise, 2018-2022), tabled in Parliament. As shared by the HeatSentinal team (RS_Session_266_AU_359_A_i.csv)."
2022,Uttarakhand,State,0,"Government of India, Ministry of Home Affairs / National Disaster Management Division -- Rajya Sabha, Session 266, Answer to Unstarred Question No. 359 part (i), ""Deaths due to heat wave"" (state/UT-wise, 2018-2022), tabled in Parliament. As shared by the HeatSentinal team (RS_Session_266_AU_359_A_i.csv)."
2018,West Bengal,State,46,"Government of India, Ministry of Home Affairs / National Disaster Management Division -- Rajya Sabha, Session 266, Answer to Unstarred Question No. 359 part (i), ""Deaths due to heat wave"" (state/UT-wise, 2018-2022), tabled in Parliament. As shared by the HeatSentinal team (RS_Session_266_AU_359_A_i.csv)."
2019,West Bengal,State,49,"Government of India, Ministry of Home Affairs / National Disaster Management Division -- Rajya Sabha, Session 266, Answer to Unstarred Question No. 359 part (i), ""Deaths due to heat wave"" (state/UT-wise, 2018-2022), tabled in Parliament. As shared by the HeatSentinal team (RS_Session_266_AU_359_A_i.csv)."
2020,West Bengal,State,6,"Government of India, Ministry of Home Affairs / National Disaster Management Division -- Rajya Sabha, Session 266, Answer to Unstarred Question No. 359 part (i), ""Deaths due to heat wave"" (state/UT-wise, 2018-2022), tabled in Parliament. As shared by the HeatSentinal team (RS_Session_266_AU_359_A_i.csv)."
2021,West Bengal,State,11,"Government of India, Ministry of Home Affairs / National Disaster Management Division -- Rajya Sabha, Session 266, Answer to Unstarred Question No. 359 part (i), ""Deaths due to heat wave"" (state/UT-wise, 2018-2022), tabled in Parliament. As shared by the HeatSentinal team (RS_Session_266_AU_359_A_i.csv)."
2022,West Bengal,State,18,"Government of India, Ministry of Home Affairs / National Disaster Management Division -- Rajya Sabha, Session 266, Answer to Unstarred Question No. 359 part (i), ""Deaths due to heat wave"" (state/UT-wise, 2018-2022), tabled in Parliament. As shared by the HeatSentinal team (RS_Session_266_AU_359_A_i.csv)."
2018,Andman and Nicobar Islands,Union Territory,0,"Government of India, Ministry of Home Affairs / National Disaster Management Division -- Rajya Sabha, Session 266, Answer to Unstarred Question No. 359 part (i), ""Deaths due to heat wave"" (state/UT-wise, 2018-2022), tabled in Parliament. As shared by the HeatSentinal team (RS_Session_266_AU_359_A_i.csv)."
2019,Andman and Nicobar Islands,Union Territory,0,"Government of India, Ministry of Home Affairs / National Disaster Management Division -- Rajya Sabha, Session 266, Answer to Unstarred Question No. 359 part (i), ""Deaths due to heat wave"" (state/UT-wise, 2018-2022), tabled in Parliament. As shared by the HeatSentinal team (RS_Session_266_AU_359_A_i.csv)."
2020,Andman and Nicobar Islands,Union Territory,0,"Government of India, Ministry of Home Affairs / National Disaster Management Division -- Rajya Sabha, Session 266, Answer to Unstarred Question No. 359 part (i), ""Deaths due to heat wave"" (state/UT-wise, 2018-2022), tabled in Parliament. As shared by the HeatSentinal team (RS_Session_266_AU_359_A_i.csv)."
2021,Andman and Nicobar Islands,Union Territory,0,"Government of India, Ministry of Home Affairs / National Disaster Management Division -- Rajya Sabha, Session 266, Answer to Unstarred Question No. 359 part (i), ""Deaths due to heat wave"" (state/UT-wise, 2018-2022), tabled in Parliament. As shared by the HeatSentinal team (RS_Session_266_AU_359_A_i.csv)."
2022,Andman and Nicobar Islands,Union Territory,0,"Government of India, Ministry of Home Affairs / National Disaster Management Division -- Rajya Sabha, Session 266, Answer to Unstarred Question No. 359 part (i), ""Deaths due to heat wave"" (state/UT-wise, 2018-2022), tabled in Parliament. As shared by the HeatSentinal team (RS_Session_266_AU_359_A_i.csv)."
2018,Chandigarh,Union Territory,0,"Government of India, Ministry of Home Affairs / National Disaster Management Division -- Rajya Sabha, Session 266, Answer to Unstarred Question No. 359 part (i), ""Deaths due to heat wave"" (state/UT-wise, 2018-2022), tabled in Parliament. As shared by the HeatSentinal team (RS_Session_266_AU_359_A_i.csv)."
2019,Chandigarh,Union Territory,0,"Government of India, Ministry of Home Affairs / National Disaster Management Division -- Rajya Sabha, Session 266, Answer to Unstarred Question No. 359 part (i), ""Deaths due to heat wave"" (state/UT-wise, 2018-2022), tabled in Parliament. As shared by the HeatSentinal team (RS_Session_266_AU_359_A_i.csv)."
2020,Chandigarh,Union Territory,0,"Government of India, Ministry of Home Affairs / National Disaster Management Division -- Rajya Sabha, Session 266, Answer to Unstarred Question No. 359 part (i), ""Deaths due to heat wave"" (state/UT-wise, 2018-2022), tabled in Parliament. As shared by the HeatSentinal team (RS_Session_266_AU_359_A_i.csv)."
2021,Chandigarh,Union Territory,0,"Government of India, Ministry of Home Affairs / National Disaster Management Division -- Rajya Sabha, Session 266, Answer to Unstarred Question No. 359 part (i), ""Deaths due to heat wave"" (state/UT-wise, 2018-2022), tabled in Parliament. As shared by the HeatSentinal team (RS_Session_266_AU_359_A_i.csv)."
2022,Chandigarh,Union Territory,0,"Government of India, Ministry of Home Affairs / National Disaster Management Division -- Rajya Sabha, Session 266, Answer to Unstarred Question No. 359 part (i), ""Deaths due to heat wave"" (state/UT-wise, 2018-2022), tabled in Parliament. As shared by the HeatSentinal team (RS_Session_266_AU_359_A_i.csv)."
2018,Dadra and Nagar Haveli and Daman and Diu,Union Territory,0,"Government of India, Ministry of Home Affairs / National Disaster Management Division -- Rajya Sabha, Session 266, Answer to Unstarred Question No. 359 part (i), ""Deaths due to heat wave"" (state/UT-wise, 2018-2022), tabled in Parliament. As shared by the HeatSentinal team (RS_Session_266_AU_359_A_i.csv)."
2019,Dadra and Nagar Haveli and Daman and Diu,Union Territory,0,"Government of India, Ministry of Home Affairs / National Disaster Management Division -- Rajya Sabha, Session 266, Answer to Unstarred Question No. 359 part (i), ""Deaths due to heat wave"" (state/UT-wise, 2018-2022), tabled in Parliament. As shared by the HeatSentinal team (RS_Session_266_AU_359_A_i.csv)."
2020,Dadra and Nagar Haveli and Daman and Diu,Union Territory,0,"Government of India, Ministry of Home Affairs / National Disaster Management Division -- Rajya Sabha, Session 266, Answer to Unstarred Question No. 359 part (i), ""Deaths due to heat wave"" (state/UT-wise, 2018-2022), tabled in Parliament. As shared by the HeatSentinal team (RS_Session_266_AU_359_A_i.csv)."
2021,Dadra and Nagar Haveli and Daman and Diu,Union Territory,0,"Government of India, Ministry of Home Affairs / National Disaster Management Division -- Rajya Sabha, Session 266, Answer to Unstarred Question No. 359 part (i), ""Deaths due to heat wave"" (state/UT-wise, 2018-2022), tabled in Parliament. As shared by the HeatSentinal team (RS_Session_266_AU_359_A_i.csv)."
2022,Dadra and Nagar Haveli and Daman and Diu,Union Territory,0,"Government of India, Ministry of Home Affairs / National Disaster Management Division -- Rajya Sabha, Session 266, Answer to Unstarred Question No. 359 part (i), ""Deaths due to heat wave"" (state/UT-wise, 2018-2022), tabled in Parliament. As shared by the HeatSentinal team (RS_Session_266_AU_359_A_i.csv)."
2018,Delhi,Union Territory,0,"Government of India, Ministry of Home Affairs / National Disaster Management Division -- Rajya Sabha, Session 266, Answer to Unstarred Question No. 359 part (i), ""Deaths due to heat wave"" (state/UT-wise, 2018-2022), tabled in Parliament. As shared by the HeatSentinal team (RS_Session_266_AU_359_A_i.csv)."
2019,Delhi,Union Territory,0,"Government of India, Ministry of Home Affairs / National Disaster Management Division -- Rajya Sabha, Session 266, Answer to Unstarred Question No. 359 part (i), ""Deaths due to heat wave"" (state/UT-wise, 2018-2022), tabled in Parliament. As shared by the HeatSentinal team (RS_Session_266_AU_359_A_i.csv)."
2020,Delhi,Union Territory,0,"Government of India, Ministry of Home Affairs / National Disaster Management Division -- Rajya Sabha, Session 266, Answer to Unstarred Question No. 359 part (i), ""Deaths due to heat wave"" (state/UT-wise, 2018-2022), tabled in Parliament. As shared by the HeatSentinal team (RS_Session_266_AU_359_A_i.csv)."
2021,Delhi,Union Territory,0,"Government of India, Ministry of Home Affairs / National Disaster Management Division -- Rajya Sabha, Session 266, Answer to Unstarred Question No. 359 part (i), ""Deaths due to heat wave"" (state/UT-wise, 2018-2022), tabled in Parliament. As shared by the HeatSentinal team (RS_Session_266_AU_359_A_i.csv)."
2022,Delhi,Union Territory,1,"Government of India, Ministry of Home Affairs / National Disaster Management Division -- Rajya Sabha, Session 266, Answer to Unstarred Question No. 359 part (i), ""Deaths due to heat wave"" (state/UT-wise, 2018-2022), tabled in Parliament. As shared by the HeatSentinal team (RS_Session_266_AU_359_A_i.csv)."
2018,Jammu and Kashmir,Union Territory,0,"Government of India, Ministry of Home Affairs / National Disaster Management Division -- Rajya Sabha, Session 266, Answer to Unstarred Question No. 359 part (i), ""Deaths due to heat wave"" (state/UT-wise, 2018-2022), tabled in Parliament. As shared by the HeatSentinal team (RS_Session_266_AU_359_A_i.csv)."
2019,Jammu and Kashmir,Union Territory,0,"Government of India, Ministry of Home Affairs / National Disaster Management Division -- Rajya Sabha, Session 266, Answer to Unstarred Question No. 359 part (i), ""Deaths due to heat wave"" (state/UT-wise, 2018-2022), tabled in Parliament. As shared by the HeatSentinal team (RS_Session_266_AU_359_A_i.csv)."
2020,Jammu and Kashmir,Union Territory,0,"Government of India, Ministry of Home Affairs / National Disaster Management Division -- Rajya Sabha, Session 266, Answer to Unstarred Question No. 359 part (i), ""Deaths due to heat wave"" (state/UT-wise, 2018-2022), tabled in Parliament. As shared by the HeatSentinal team (RS_Session_266_AU_359_A_i.csv)."
2021,Jammu and Kashmir,Union Territory,0,"Government of India, Ministry of Home Affairs / National Disaster Management Division -- Rajya Sabha, Session 266, Answer to Unstarred Question No. 359 part (i), ""Deaths due to heat wave"" (state/UT-wise, 2018-2022), tabled in Parliament. As shared by the HeatSentinal team (RS_Session_266_AU_359_A_i.csv)."
2022,Jammu and Kashmir,Union Territory,0,"Government of India, Ministry of Home Affairs / National Disaster Management Division -- Rajya Sabha, Session 266, Answer to Unstarred Question No. 359 part (i), ""Deaths due to heat wave"" (state/UT-wise, 2018-2022), tabled in Parliament. As shared by the HeatSentinal team (RS_Session_266_AU_359_A_i.csv)."
2018,Ladakh,Union Territory,,"Government of India, Ministry of Home Affairs / National Disaster Management Division -- Rajya Sabha, Session 266, Answer to Unstarred Question No. 359 part (i), ""Deaths due to heat wave"" (state/UT-wise, 2018-2022), tabled in Parliament. As shared by the HeatSentinal team (RS_Session_266_AU_359_A_i.csv)."
2019,Ladakh,Union Territory,,"Government of India, Ministry of Home Affairs / National Disaster Management Division -- Rajya Sabha, Session 266, Answer to Unstarred Question No. 359 part (i), ""Deaths due to heat wave"" (state/UT-wise, 2018-2022), tabled in Parliament. As shared by the HeatSentinal team (RS_Session_266_AU_359_A_i.csv)."
2020,Ladakh,Union Territory,0,"Government of India, Ministry of Home Affairs / National Disaster Management Division -- Rajya Sabha, Session 266, Answer to Unstarred Question No. 359 part (i), ""Deaths due to heat wave"" (state/UT-wise, 2018-2022), tabled in Parliament. As shared by the HeatSentinal team (RS_Session_266_AU_359_A_i.csv)."
2021,Ladakh,Union Territory,0,"Government of India, Ministry of Home Affairs / National Disaster Management Division -- Rajya Sabha, Session 266, Answer to Unstarred Question No. 359 part (i), ""Deaths due to heat wave"" (state/UT-wise, 2018-2022), tabled in Parliament. As shared by the HeatSentinal team (RS_Session_266_AU_359_A_i.csv)."
2022,Ladakh,Union Territory,0,"Government of India, Ministry of Home Affairs / National Disaster Management Division -- Rajya Sabha, Session 266, Answer to Unstarred Question No. 359 part (i), ""Deaths due to heat wave"" (state/UT-wise, 2018-2022), tabled in Parliament. As shared by the HeatSentinal team (RS_Session_266_AU_359_A_i.csv)."
2018,Lakshadweep,Union Territory,0,"Government of India, Ministry of Home Affairs / National Disaster Management Division -- Rajya Sabha, Session 266, Answer to Unstarred Question No. 359 part (i), ""Deaths due to heat wave"" (state/UT-wise, 2018-2022), tabled in Parliament. As shared by the HeatSentinal team (RS_Session_266_AU_359_A_i.csv)."
2019,Lakshadweep,Union Territory,0,"Government of India, Ministry of Home Affairs / National Disaster Management Division -- Rajya Sabha, Session 266, Answer to Unstarred Question No. 359 part (i), ""Deaths due to heat wave"" (state/UT-wise, 2018-2022), tabled in Parliament. As shared by the HeatSentinal team (RS_Session_266_AU_359_A_i.csv)."
2020,Lakshadweep,Union Territory,0,"Government of India, Ministry of Home Affairs / National Disaster Management Division -- Rajya Sabha, Session 266, Answer to Unstarred Question No. 359 part (i), ""Deaths due to heat wave"" (state/UT-wise, 2018-2022), tabled in Parliament. As shared by the HeatSentinal team (RS_Session_266_AU_359_A_i.csv)."
2021,Lakshadweep,Union Territory,0,"Government of India, Ministry of Home Affairs / National Disaster Management Division -- Rajya Sabha, Session 266, Answer to Unstarred Question No. 359 part (i), ""Deaths due to heat wave"" (state/UT-wise, 2018-2022), tabled in Parliament. As shared by the HeatSentinal team (RS_Session_266_AU_359_A_i.csv)."
2022,Lakshadweep,Union Territory,0,"Government of India, Ministry of Home Affairs / National Disaster Management Division -- Rajya Sabha, Session 266, Answer to Unstarred Question No. 359 part (i), ""Deaths due to heat wave"" (state/UT-wise, 2018-2022), tabled in Parliament. As shared by the HeatSentinal team (RS_Session_266_AU_359_A_i.csv)."
2018,Puducherry,Union Territory,0,"Government of India, Ministry of Home Affairs / National Disaster Management Division -- Rajya Sabha, Session 266, Answer to Unstarred Question No. 359 part (i), ""Deaths due to heat wave"" (state/UT-wise, 2018-2022), tabled in Parliament. As shared by the HeatSentinal team (RS_Session_266_AU_359_A_i.csv)."
2019,Puducherry,Union Territory,0,"Government of India, Ministry of Home Affairs / National Disaster Management Division -- Rajya Sabha, Session 266, Answer to Unstarred Question No. 359 part (i), ""Deaths due to heat wave"" (state/UT-wise, 2018-2022), tabled in Parliament. As shared by the HeatSentinal team (RS_Session_266_AU_359_A_i.csv)."
2020,Puducherry,Union Territory,0,"Government of India, Ministry of Home Affairs / National Disaster Management Division -- Rajya Sabha, Session 266, Answer to Unstarred Question No. 359 part (i), ""Deaths due to heat wave"" (state/UT-wise, 2018-2022), tabled in Parliament. As shared by the HeatSentinal team (RS_Session_266_AU_359_A_i.csv)."
2021,Puducherry,Union Territory,0,"Government of India, Ministry of Home Affairs / National Disaster Management Division -- Rajya Sabha, Session 266, Answer to Unstarred Question No. 359 part (i), ""Deaths due to heat wave"" (state/UT-wise, 2018-2022), tabled in Parliament. As shared by the HeatSentinal team (RS_Session_266_AU_359_A_i.csv)."
2022,Puducherry,Union Territory,0,"Government of India, Ministry of Home Affairs / National Disaster Management Division -- Rajya Sabha, Session 266, Answer to Unstarred Question No. 359 part (i), ""Deaths due to heat wave"" (state/UT-wise, 2018-2022), tabled in Parliament. As shared by the HeatSentinal team (RS_Session_266_AU_359_A_i.csv)."
